bin_name,bin_arch,is_static,is_stripped,used_libs,keywords,used_nvram_env,checksec,hash_value,bdg
dhcp6-multi,MIPS,0,1,"['libgcc_s.so.1', 'libc.so.0']",[],0,"{'RELRO': 0, 'Canary': 0, 'NX': 0, 'PIE': 0, 'rpath': 0, 'runpath': 0}",36c5114ed08f601dab1462135a75f4af718948d0227a27ef81831215f915d696,[]
cloned,MIPS,0,1,"['libgcc_s.so.1', 'libc.so.0']",[],0,"{'RELRO': 0, 'Canary': 0, 'NX': 0, 'PIE': 0, 'rpath': 0, 'runpath': 0}",be90c48e69cc5e56580991a0d6ed4eb558743ddc371db09748a24b89591a0666,[]
rxcheck,MIPS,0,0,"['libgcc_s.so.1', 'libc.so.0']",[],0,"{'RELRO': 0, 'Canary': 0, 'NX': 0, 'PIE': 0, 'rpath': 0, 'runpath': 0}",a99615dbe999769a44e5078caa46ece6c1f5ded0f9b16f2ba46859afb0c3abcc,[]
neapc,MIPS,0,1,"['libgcc_s.so.1', 'libc.so.0']",[],0,"{'RELRO': 0, 'Canary': 0, 'NX': 0, 'PIE': 0, 'rpath': 0, 'runpath': 0}",e1c5aa87ccf8b5ef243c57456e7e364289af9a6aefc458658758790719f5d639,[]
klogd,MIPS,0,1,"['libgcc_s.so.1', 'libc.so.0']",[],0,"{'RELRO': 0, 'Canary': 0, 'NX': 0, 'PIE': 0, 'rpath': 0, 'runpath': 0}",b08975c8da4ab08fef85eb36c4c27115e1962ae887c83345a8433808fb24d3f1,[]
wpa_supplicant,MIPS,0,0,"['libgcc_s.so.1', 'libc.so.0']",['TOP'],1,"{'RELRO': 0, 'Canary': 0, 'NX': 0, 'PIE': 0, 'rpath': 0, 'runpath': 0}",99aada2537c539dce6ff5553c99d950bec95ce0a22964acdd7480bcad8c28717,"['hostapd', 'httpd', 'eapolclient']"
autorekeysleep,MIPS,0,1,"['libgcc_s.so.1', 'libc.so.0']",[],0,"{'RELRO': 0, 'Canary': 0, 'NX': 0, 'PIE': 0, 'rpath': 0, 'runpath': 0}",ee655624ba7d2afbbaa34415ecb21d10ff6a9aba41773b123ce74d4ef1a5a0d0,[]
wlxmlpatch,MIPS,0,1,"['libgcc_s.so.1', 'libc.so.0']",[],0,"{'RELRO': 0, 'Canary': 0, 'NX': 0, 'PIE': 0, 'rpath': 0, 'runpath': 0}",cc9dfa707b197118da27df16745a415551fc48bdd84882171998fc5d727d17a4,[]
static_dhcp,MIPS,0,0,"['libgcc_s.so.1', 'libc.so.0']",[],0,"{'RELRO': 0, 'Canary': 0, 'NX': 0, 'PIE': 0, 'rpath': 0, 'runpath': 0}",2a153e7d0770f09a47790f70d05c01972867d06fdde57e13cf0397786b4a6925,[]
radartool,MIPS,1,0,[],[],0,"{'RELRO': 0, 'Canary': 0, 'NX': 0, 'PIE': 0, 'rpath': 0, 'runpath': 0}",e2914269684bc3e1b5f08e490186cbe32eacc5c984a04e79dcf30c2485fec104,[]
ldapsearch,MIPS,0,0,"['libssl.so.1.0.0', 'libcrypto.so.1.0.0', 'libgcc_s.so.1', 'libc.so.0']","['TMPDIR', 'LDAPCONF', 'LDAPNOINIT', 'TMP', 'HOME', 'LDAPRC', 'TEMP']",1,"{'RELRO': 0, 'Canary': 0, 'NX': 0, 'PIE': 0, 'rpath': 0, 'runpath': 0}",28ea97e5a96c9f2c561251fd5c8de55e3f38bc6862a26410f69980581dc697b6,"['snmptrap', 'snmpd', 'ldapwhoami']"
rgbin,MIPS,0,1,"['libgcc_s.so.1', 'libc.so.0']",['SMTPSERVER'],1,"{'RELRO': 0, 'Canary': 0, 'NX': 0, 'PIE': 0, 'rpath': 0, 'runpath': 0}",837abe228483e2f5c0791e32fb6b6d54a655a9475bb9f1ed8c4a011045daaba9,[]
schedule_smtp,MIPS,0,1,"['libgcc_s.so.1', 'libc.so.0']",[],0,"{'RELRO': 0, 'Canary': 0, 'NX': 0, 'PIE': 0, 'rpath': 0, 'runpath': 0}",92ef2dd6f079cf7db7cb571f9262c31de62673a83df94af138233cbbac6a3488,[]
snmptrap,MIPS,0,0,"['libpthread.so.0', 'libssl.so.1.0.0', 'libcrypto.so.1.0.0', 'libgcc_s.so.1', 'libc.so.0']","['MIBDIRS', 'MIBS', 'SNMPCONFPATH', 'HOME', 'PREFIX', 'SNMP_PERSISTENT_FILE', 'MIBFILES']",1,"{'RELRO': 0, 'Canary': 0, 'NX': 0, 'PIE': 0, 'rpath': 0, 'runpath': 0}",1c91a7fabc4654fac2742ba259b6bd4dfc14e364d2b190ec249bd3e6e33b0c77,"['ldapsearch', 'snmpd', 'ldapwhoami']"
udhcpd,MIPS,0,1,"['libm.so.0', 'libgcc_s.so.1', 'libc.so.0']",[],0,"{'RELRO': 0, 'Canary': 0, 'NX': 0, 'PIE': 0, 'rpath': 0, 'runpath': 0}",7d0015e6ebe7d2c749d833f4ee24314ed49764a64377a55fd4147aa1f22ccb5d,[]
pop3client_ssl,MIPS,1,0,[],[],0,"{'RELRO': 0, 'Canary': 0, 'NX': 0, 'PIE': 0, 'rpath': 0, 'runpath': 0}",9f5916987e41a1655572ff63fb7405094e6ec9871db633c31027c9d319aa9162,[]
aparraymsg,MIPS,0,1,"['libgcc_s.so.1', 'libc.so.0']",[],0,"{'RELRO': 0, 'Canary': 0, 'NX': 0, 'PIE': 0, 'rpath': 0, 'runpath': 0}",5d3b395b12d2f1c431d5c719323a7e8b1851dd633f19c086f3a83f5647891767,[]
sshd,MIPS,0,1,"['libcrypto.so.1.0.0', 'libutil.so.0', 'libcrypt.so.0', 'libresolv.so.0', 'libz.so.1', 'libgcc_s.so.1', 'libc.so.0']","['KRB5CCNAME', 'DISPLAY']",1,"{'RELRO': 0, 'Canary': 0, 'NX': 0, 'PIE': 0, 'rpath': 0, 'runpath': 0}",245e0537eac0195cdd8f15e67d8f482d5ce4eb768e5d01e8352cf431f46f96b3,[]
athstatsclr,MIPS,1,0,[],[],0,"{'RELRO': 0, 'Canary': 0, 'NX': 0, 'PIE': 0, 'rpath': 0, 'runpath': 0}",56f0fc77e54d6199a01d7ed65a03c9589676284b622c47febe555d41f9cef311,[]
neaps_array,MIPS,0,1,"['libgcc_s.so.1', 'libc.so.0']",[],0,"{'RELRO': 0, 'Canary': 0, 'NX': 0, 'PIE': 0, 'rpath': 0, 'runpath': 0}",495bf3cb5836a4c516c09b17b03fa5ba47ed5feeafaa806893053cc19048c9be,[]
atp,MIPS,0,1,"['libgcc_s.so.1', 'libc.so.0']","['REALM', 'REMOTE_PASSWD', 'REQUEST_METHOD', 'SESSION_UID', 'QUERY_STRING', 'HTDOCS_DIR', 'REQUEST_URI', 'REMOTE_ADDR', 'SESSION_ID', 'REMOTE_USER']",1,"{'RELRO': 0, 'Canary': 0, 'NX': 0, 'PIE': 0, 'rpath': 0, 'runpath': 0}",88dcebd9c7a74bedf4d6b11836b1ffef3ba0e52b562acedded47fe31f41bc309,[]
ebtables,MIPS,0,1,"['libebtc.so', 'libebt_802_3.so', 'libebt_nat.so', 'libebt_arp.so', 'libebt_arpreply.so', 'libebt_ip.so', 'libebt_standard.so', 'libebt_log.so', 'libebt_redirect.so', 'libebt_vlan.so', 'libebt_mark_m.so', 'libebt_mark.so', 'libebt_pkttype.so', 'libebt_stp.so', 'libebt_among.so', 'libebt_limit.so', 'libebt_ulog.so', 'libebtable_filter.so', 'libebtable_nat.so', 'libebtable_broute.so', 'libgcc_s.so.1', 'libc.so.0']",[],0,"{'RELRO': 0, 'Canary': 0, 'NX': 0, 'PIE': 0, 'rpath': 1, 'runpath': 0}",22d8cc9e3f85493edf2ce054ba62a87af3afc1295a5502f01bbb03505e2143ee,[]
cwmHelper,MIPS,0,1,"['libgcc_s.so.1', 'libc.so.0']",[],0,"{'RELRO': 0, 'Canary': 0, 'NX': 0, 'PIE': 0, 'rpath': 0, 'runpath': 0}",bbf285bf89b59e031b48c458202d4fab5ba4e83f442a8798a19a3bf23a713400,[]
trap_monitor,MIPS,0,1,"['libgcc_s.so.1', 'libc.so.0']",[],0,"{'RELRO': 0, 'Canary': 0, 'NX': 0, 'PIE': 0, 'rpath': 0, 'runpath': 0}",c50fdc2f71acd31d6567b9f708c48a742f05ae79b118a210ca6c3a4ccb7d0848,[]
zic,MIPS,0,0,"['libgcc_s.so.1', 'libc.so.0']",['TZ'],1,"{'RELRO': 0, 'Canary': 0, 'NX': 0, 'PIE': 0, 'rpath': 0, 'runpath': 0}",da3451814f275af1bd5da697fce0775deb48bdb0dfbd7e4dacf37385be6322f1,[]
pop3client,MIPS,0,0,"['libgcc_s.so.1', 'libc.so.0']",[],0,"{'RELRO': 0, 'Canary': 0, 'NX': 0, 'PIE': 0, 'rpath': 0, 'runpath': 0}",275d0d87566c7e3fda0f82bd47af5d9ddc3f97651b44bea5085bd44ef9b66a7e,[]
flashtest,MIPS,0,1,"['libgcc_s.so.1', 'libc.so.0']",[],0,"{'RELRO': 0, 'Canary': 0, 'NX': 0, 'PIE': 0, 'rpath': 0, 'runpath': 0}",e6ed3f270bc598b4883748454c7c2ce537d2fd05ce3f71e63a0f256a2dd6b7b3,[]
telnetd,MIPS,0,1,"['libgcc_s.so.1', 'libc.so.0']",[],0,"{'RELRO': 0, 'Canary': 0, 'NX': 0, 'PIE': 0, 'rpath': 0, 'runpath': 0}",07a57d788ad4fdf04833e0324a3493dcf952bfaf121f9a898aa3799dfc37b2c1,[]
vethctl,MIPS,0,1,"['libgcc_s.so.1', 'libc.so.0']",[],0,"{'RELRO': 0, 'Canary': 0, 'NX': 0, 'PIE': 0, 'rpath': 0, 'runpath': 0}",c1d4f92985d0de6c7267bc1d60f5af49a960d13194d4e749da13f436f1d79fed,[]
httpd,MIPS,0,1,"['libcrypt.so.0', 'libgcc_s.so.1', 'libc.so.0']","['TOP', 'PATH']",1,"{'RELRO': 0, 'Canary': 0, 'NX': 0, 'PIE': 0, 'rpath': 0, 'runpath': 0}",f65a38a6e422443003e1456a5aea7c613b5bf77d15c2e3b2b1b3deeea06d1ea2,"['hostapd', 'wpa_supplicant', 'eapolclient']"
wpa_supplicant,MIPS,0,0,"['libgcc_s.so.1', 'libc.so.0']",['TOP'],1,"{'RELRO': 0, 'Canary': 0, 'NX': 0, 'PIE': 0, 'rpath': 0, 'runpath': 0}",99aada2537c539dce6ff5553c99d950bec95ce0a22964acdd7480bcad8c28717,"['hostapd', 'httpd', 'eapolclient']"
ldapwhoami,MIPS,0,0,"['libssl.so.1.0.0', 'libcrypto.so.1.0.0', 'libgcc_s.so.1', 'libc.so.0']","['LDAPNOINIT', 'HOME', 'LDAPCONF', 'LDAPRC']",1,"{'RELRO': 0, 'Canary': 0, 'NX': 0, 'PIE': 0, 'rpath': 0, 'runpath': 0}",ab17c462d336c66a71900bb13c313b2d53456e927c028e2b84b4cf607bacb9a5,"['ldapsearch', 'snmpd', 'snmptrap']"
ebtables-restore,MIPS,0,1,"['libebtc.so', 'libebt_802_3.so', 'libebt_nat.so', 'libebt_arp.so', 'libebt_arpreply.so', 'libebt_ip.so', 'libebt_standard.so', 'libebt_log.so', 'libebt_redirect.so', 'libebt_vlan.so', 'libebt_mark_m.so', 'libebt_mark.so', 'libebt_pkttype.so', 'libebt_stp.so', 'libebt_among.so', 'libebt_limit.so', 'libebt_ulog.so', 'libebtable_filter.so', 'libebtable_nat.so', 'libebtable_broute.so', 'libgcc_s.so.1', 'libc.so.0']",[],0,"{'RELRO': 0, 'Canary': 0, 'NX': 0, 'PIE': 0, 'rpath': 1, 'runpath': 0}",49faaca03de76057b70c4349a1464d4b890ee36a2456972866d82c479f42c9b7,[]
radlogin,MIPS,0,0,"['libradiusclient-ng.so.2', 'libcrypt.so.0', 'libnsl.so.0', 'libgcc_s.so.1', 'libc.so.0']",[],0,"{'RELRO': 0, 'Canary': 0, 'NX': 0, 'PIE': 0, 'rpath': 0, 'runpath': 0}",bf0cb59bcd1955ce32f3629c7b08b470e1114cdd77d31343590dacf0bd72587e,[]
tc,MIPS,0,1,"['libresolv.so.0', 'libm.so.0', 'libdl.so.0', 'libgcc_s.so.1', 'libc.so.0']","['HZ', 'PROC_NET_PSCHED', 'PROC_ROOT']",1,"{'RELRO': 0, 'Canary': 0, 'NX': 0, 'PIE': 0, 'rpath': 0, 'runpath': 0}",5ec91430a7b99d288f9d41121c9c5720b838a15c4e1393ad47c689860202bda7,['ip']
genZoneInfo,MIPS,0,0,"['libgcc_s.so.1', 'libc.so.0']",[],0,"{'RELRO': 0, 'Canary': 0, 'NX': 0, 'PIE': 0, 'rpath': 0, 'runpath': 0}",50d32b2d7d00bbe150c3583fda0185d2011728be72e1bd71cf3f5061f22d8957,[]
ip,MIPS,0,1,"['libresolv.so.0', 'libgcc_s.so.1', 'libc.so.0']","['HZ', 'PROC_NET_PSCHED', 'PROC_ROOT']",1,"{'RELRO': 0, 'Canary': 0, 'NX': 0, 'PIE': 0, 'rpath': 0, 'runpath': 0}",19bf952dc5a771fbce931fea86eb78e9239e57461c406210cdcefee291ad509d,['tc']
sendmail,MIPS,0,1,"['libresolv.so.0', 'libgcc_s.so.1', 'libc.so.0']",[],0,"{'RELRO': 0, 'Canary': 0, 'NX': 0, 'PIE': 0, 'rpath': 0, 'runpath': 0}",816a9a6fcb7cd1007a665eb966dc505829d82eff773317cf0526ebc72e5bceb3,[]
xmldb,MIPS,0,1,"['libgcc_s.so.1', 'libc.so.0']",[],0,"{'RELRO': 0, 'Canary': 0, 'NX': 0, 'PIE': 0, 'rpath': 0, 'runpath': 0}",ac738da785e572ab752a2ff95111775518bf205bf4d0284830c500170bf16a68,[]
dhcpxmlpatch,MIPS,0,1,"['libgcc_s.so.1', 'libc.so.0']",[],0,"{'RELRO': 0, 'Canary': 0, 'NX': 0, 'PIE': 0, 'rpath': 0, 'runpath': 0}",06ab7f4f493e970c629150e0846d7e85d6d84a56e1abc76034aa4f85de180280,[]
nart.out,MIPS,0,0,"['libm.so.0', 'libpthread.so.0', 'libdl.so.0', 'libfield.so', 'libpart.so', 'libanwi.so', 'libgcc_s.so.1', 'libc.so.0']",[],0,"{'RELRO': 0, 'Canary': 0, 'NX': 0, 'PIE': 0, 'rpath': 0, 'runpath': 0}",a63650258735d6952f7889f29df2385479d41d25972522203b81fc0f94ad2dae,[]
iwpriv,MIPS,0,1,"['libgcc_s.so.1', 'libc.so.0']",[],0,"{'RELRO': 0, 'Canary': 0, 'NX': 0, 'PIE': 0, 'rpath': 0, 'runpath': 0}",d5af4866fd8074d442bba5577ed55d58498fcd6198d9ccadd8cc7e78a93dcd8e,[]
gpioc,MIPS,0,0,"['libgcc_s.so.1', 'libc.so.0']",[],0,"{'RELRO': 0, 'Canary': 0, 'NX': 0, 'PIE': 0, 'rpath': 0, 'runpath': 0}",9ac6cfb130f7b8e702c4b7fa3a7836202bd7ad6eb4d032cddd666bd3bdb09488,[]
tc_monitor,MIPS,0,1,"['libgcc_s.so.1', 'libc.so.0']",[],0,"{'RELRO': 0, 'Canary': 0, 'NX': 0, 'PIE': 0, 'rpath': 0, 'runpath': 0}",b99eeee399fd8dd77ddfa11449d6b56c8d8f580344cc1c6d60acc366eff32b4c,[]
dnrd,MIPS,0,1,"['libgcc_s.so.1', 'libc.so.0']",[],0,"{'RELRO': 0, 'Canary': 0, 'NX': 0, 'PIE': 0, 'rpath': 0, 'runpath': 0}",6fd13ebff4072a764ac981d6d4c7ba387b8c1653da6251ae645ff5d8cfcb1c68,[]
radiusclient,MIPS,0,0,"['libradiusclient-ng.so.2', 'libcrypt.so.0', 'libnsl.so.0', 'libgcc_s.so.1', 'libc.so.0']",[],0,"{'RELRO': 0, 'Canary': 0, 'NX': 0, 'PIE': 0, 'rpath': 0, 'runpath': 0}",55621e8061e370672d0d196b688c853a6abd1dc9da4c3bed5ad14c469d416b13,[]
email,MIPS,0,0,"['libcrypto.so.1.0.0', 'libssl.so.1.0.0', 'libm.so.0', 'libgcc_s.so.1', 'libc.so.0']",['EDITOR'],1,"{'RELRO': 0, 'Canary': 0, 'NX': 0, 'PIE': 0, 'rpath': 0, 'runpath': 0}",016404be3b444581bae302b227ce07d4b60a952a6a3f8a1c169a1a17008b756e,[]
lld2d,MIPS,0,1,"['libgcc_s.so.1', 'libc.so.0']",[],0,"{'RELRO': 0, 'Canary': 0, 'NX': 0, 'PIE': 0, 'rpath': 0, 'runpath': 0}",bbd127bdc8b92b2719bc6f2f165bdacd4435f6481266de496d55c113851d244e,[]
openssl,MIPS,0,1,"['libssl.so.1.0.0', 'libcrypto.so.1.0.0', 'libdl.so.0', 'libgcc_s.so.1', 'libc.so.0']",[],0,"{'RELRO': 0, 'Canary': 0, 'NX': 0, 'PIE': 0, 'rpath': 1, 'runpath': 0}",cfdaba87ba04169742b57207ec0046486bfa57c9c369c989d5e2f3192a8697bf,[]
autorekeymatchtime,MIPS,0,1,"['libgcc_s.so.1', 'libc.so.0']",[],0,"{'RELRO': 0, 'Canary': 0, 'NX': 0, 'PIE': 0, 'rpath': 0, 'runpath': 0}",2d01e8e0d9591cc8a2ec65777597605fce5a32967eea99dfb8fbd142a953b426,[]
ethlink,MIPS,0,0,"['libgcc_s.so.1', 'libc.so.0']",[],0,"{'RELRO': 0, 'Canary': 0, 'NX': 0, 'PIE': 0, 'rpath': 0, 'runpath': 0}",ac3eacbd38c8c8daacde65f02035686832601f8342009682d8ca7ac3daaff951,[]
charconv,MIPS,0,0,"['libgcc_s.so.1', 'libc.so.0']",['CHARSETALIASDIR'],1,"{'RELRO': 0, 'Canary': 0, 'NX': 0, 'PIE': 0, 'rpath': 0, 'runpath': 0}",b21ba82cfa4f61d927c0cd1869ad0a6482d554496670ccb883bbdda8c769869c,[]
ap_igmp,MIPS,0,1,"['libgcc_s.so.1', 'libc.so.0']",[],0,"{'RELRO': 0, 'Canary': 0, 'NX': 0, 'PIE': 0, 'rpath': 0, 'runpath': 0}",61f816a0173971978ee37167152b4ad91460093fc886820a738c4a0c361d807b,[]
wlanconfig,MIPS,1,0,[],[],0,"{'RELRO': 0, 'Canary': 0, 'NX': 0, 'PIE': 0, 'rpath': 0, 'runpath': 0}",71235efcc669a9f943a41a00aa0ba9b3e1e7225ad3ad38443bc66c3629c0ba2d,[]
athdiag,MIPS,0,1,"['libgcc_s.so.1', 'libc.so.0']",[],0,"{'RELRO': 0, 'Canary': 0, 'NX': 0, 'PIE': 0, 'rpath': 0, 'runpath': 0}",4c25d159dfcd8214e2720d87d37c433029af4ac0c1a96402d1171f580f1a50dd,[]
ethreg,MIPS,0,0,"['libgcc_s.so.1', 'libc.so.0']",[],0,"{'RELRO': 0, 'Canary': 0, 'NX': 0, 'PIE': 0, 'rpath': 0, 'runpath': 0}",8ac0e016e30e552f0f963aebd314fe614ca3991fc152cc5aa8ea64dfa460cce3,[]
hostapd,MIPS,0,0,"['libssl.so.1.0.0', 'libcrypto.so.1.0.0', 'libgcc_s.so.1', 'libc.so.0']",['TOP'],1,"{'RELRO': 0, 'Canary': 0, 'NX': 0, 'PIE': 0, 'rpath': 0, 'runpath': 0}",564500cb5e2e136809bd615adf74488705da4039f4e05873c4570b306bb74655,"['httpd', 'wpa_supplicant', 'eapolclient']"
autorekey,MIPS,0,1,"['libgcc_s.so.1', 'libc.so.0']",[],0,"{'RELRO': 0, 'Canary': 0, 'NX': 0, 'PIE': 0, 'rpath': 0, 'runpath': 0}",7c393e745c28e879be151c47133f74cb27038faf8cc40e41d3dbdd11ad5a8e03,[]
captival_tar,MIPS,0,0,"['libgcc_s.so.1', 'libc.so.0']",[],0,"{'RELRO': 0, 'Canary': 0, 'NX': 0, 'PIE': 0, 'rpath': 0, 'runpath': 0}",a8fb8ab062eb992fd54b3edcf5542ec05acb4d7fd7212ab3136e5d68b974dd18,[]
iwlist,MIPS,0,1,"['libgcc_s.so.1', 'libc.so.0']",[],0,"{'RELRO': 0, 'Canary': 0, 'NX': 0, 'PIE': 0, 'rpath': 0, 'runpath': 0}",8e61d5f84aee83aa5974416ff92876bcc5629f02e2d8189b418a2dd6e2eec1d4,[]
hostapd,MIPS,0,0,"['libssl.so.1.0.0', 'libcrypto.so.1.0.0', 'libgcc_s.so.1', 'libc.so.0']",[],0,"{'RELRO': 0, 'Canary': 0, 'NX': 0, 'PIE': 0, 'rpath': 0, 'runpath': 0}",564500cb5e2e136809bd615adf74488705da4039f4e05873c4570b306bb74655,[]
vlandevctl,MIPS,0,1,"['libgcc_s.so.1', 'libc.so.0']",[],0,"{'RELRO': 0, 'Canary': 0, 'NX': 0, 'PIE': 0, 'rpath': 0, 'runpath': 0}",f5e136f6abcd6f7e103b20285fa1c35148e72bfcbfe994ac25ad02aec8888590,[]
syslogd,MIPS,0,1,"['libgcc_s.so.1', 'libc.so.0']",[],0,"{'RELRO': 0, 'Canary': 0, 'NX': 0, 'PIE': 0, 'rpath': 0, 'runpath': 0}",cba4fe3a4b632f8671b4ee53f2a124c4a4d52a78abb49039c994a97cca01d599,[]
eapolclient,MIPS,0,0,"['libgcc_s.so.1', 'libc.so.0']",['TOP'],1,"{'RELRO': 0, 'Canary': 0, 'NX': 0, 'PIE': 0, 'rpath': 0, 'runpath': 0}",d9d2feb74b1a1e81c4affdcfad7881119f43ae2c122727f46bdd34f8109c5d79,"['hostapd', 'httpd', 'wpa_supplicant']"
statistic,MIPS,0,0,"['libgcc_s.so.1', 'libc.so.0']",[],0,"{'RELRO': 0, 'Canary': 0, 'NX': 0, 'PIE': 0, 'rpath': 0, 'runpath': 0}",de197f45cb9977dc039b6e251ad215b7a124bf8c0ba9520eb54914e685af7db2,[]
80211stats,MIPS,1,0,[],[],0,"{'RELRO': 0, 'Canary': 0, 'NX': 0, 'PIE': 0, 'rpath': 0, 'runpath': 0}",cdbe60ac3c219a3a40b0c5349823ce0b1bc605fdf4a8a130f7fce00acf11f4fb,[]
apneapc,MIPS,0,1,"['libpthread.so.0', 'libgcc_s.so.1', 'libc.so.0']",[],0,"{'RELRO': 0, 'Canary': 0, 'NX': 0, 'PIE': 0, 'rpath': 0, 'runpath': 0}",41ed0bf20b9f66283ec53c12ad17adab7f62d300b7246e80c11ce9621edf31cf,[]
neaps,MIPS,0,1,"['libgcc_s.so.1', 'libc.so.0']",[],0,"{'RELRO': 0, 'Canary': 0, 'NX': 0, 'PIE': 0, 'rpath': 0, 'runpath': 0}",24db7f04ac39b97867c1dd64cf66ef58feec22a9fdf26fbeab562a6d0faa79df,[]
servd,MIPS,0,1,"['libgcc_s.so.1', 'libc.so.0']",[],0,"{'RELRO': 0, 'Canary': 0, 'NX': 0, 'PIE': 0, 'rpath': 0, 'runpath': 0}",085906d13656cef45ce3276e528346b552523bb7e091afc59c3af7f2835d1f24,[]
arptables,MIPS,0,0,"['libgcc_s.so.1', 'libc.so.0']",[],0,"{'RELRO': 0, 'Canary': 0, 'NX': 0, 'PIE': 0, 'rpath': 0, 'runpath': 0}",bae84a0b981dcbc6ec3c5fc85a95bf9c07f98bf36701da26450b8259750d726f,[]
cli,MIPS,1,1,[],[],0,"{'RELRO': 0, 'Canary': 0, 'NX': 0, 'PIE': 0, 'rpath': 0, 'runpath': 0}",b6ec89a90cd1df0c2ec58e602ed3cf1094c66c054fa40491f2cd15a83d4bdf66,[]
iputils-ping6,MIPS,0,1,"['libgcc_s.so.1', 'libc.so.0']",[],0,"{'RELRO': 0, 'Canary': 0, 'NX': 0, 'PIE': 0, 'rpath': 0, 'runpath': 0}",7216b3ff098dec11f14bc3bacbfc353d9663d78135a7fc49f75d318373573040,[]
iwconfig,MIPS,0,1,"['libgcc_s.so.1', 'libc.so.0']",[],0,"{'RELRO': 0, 'Canary': 0, 'NX': 0, 'PIE': 0, 'rpath': 0, 'runpath': 0}",084dc7b13d148263a365f050f3d706fb62f3e8f90e1227e7e28d2eee0a74096b,[]
busybox,MIPS,0,1,['libc.so.0'],Not parsed,Not parsed,"{'RELRO': 0, 'Canary': 0, 'NX': 0, 'PIE': 0, 'rpath': 0, 'runpath': 0}",c3a43c6f22d68e8c23b4d46439463bd23827128957145cc8dc8094971b00f659,[]
captival_usockc,MIPS,1,0,[],[],0,"{'RELRO': 0, 'Canary': 0, 'NX': 0, 'PIE': 0, 'rpath': 0, 'runpath': 0}",363adfaf4bdae4f31023d1de8810cd8d9fa9765d280585cc53cb230dc37d5945,[]
stunnel,MIPS,0,1,"['libdl.so.0', 'libutil.so.0', 'libnsl.so.0', 'libssl.so.1.0.0', 'libcrypto.so.1.0.0', 'libpthread.so.0', 'libz.so.1', 'libgcc_s.so.1', 'libc.so.0']",[],0,"{'RELRO': 0, 'Canary': 0, 'NX': 0, 'PIE': 0, 'rpath': 0, 'runpath': 0}",61a7270b437909acf2c90959abed3eefd21cc535d66a29a431bfd598f9f7f99b,[]
apneaps,MIPS,0,1,"['libpthread.so.0', 'libgcc_s.so.1', 'libc.so.0']",[],0,"{'RELRO': 0, 'Canary': 0, 'NX': 0, 'PIE': 0, 'rpath': 0, 'runpath': 0}",764e2a25d4cda5a58982a08e051cd08765ecee1320ec108441c2bbf7f1a347bd,[]
fresetd,MIPS,0,0,"['libgcc_s.so.1', 'libc.so.0']",[],0,"{'RELRO': 0, 'Canary': 0, 'NX': 0, 'PIE': 0, 'rpath': 0, 'runpath': 0}",a3d435bc682a77cef01f8833ee5719753bb5fa7bdbcc46613b9636a7472d874c,[]
snmpd,MIPS,0,1,"['libpthread.so.0', 'libssl.so.1.0.0', 'libcrypto.so.1.0.0', 'libgcc_s.so.1', 'libc.so.0']","['MIBDIRS', 'MIBS', 'SNMPCONFPATH', 'HOME', 'SNMP_PERSISTENT_DIR', 'SNMP_PERSISTENT_FILE', 'PREFIX', 'MIBFILES']",1,"{'RELRO': 0, 'Canary': 0, 'NX': 0, 'PIE': 0, 'rpath': 0, 'runpath': 0}",5131837e992832d5098e1020a3e5887f3304650b55448083651a234c1a9f0d20,"['ldapsearch', 'ldapwhoami', 'snmptrap']"
athstats,MIPS,1,0,[],[],0,"{'RELRO': 0, 'Canary': 0, 'NX': 0, 'PIE': 0, 'rpath': 0, 'runpath': 0}",250d7f1be68f5ded433d6ea648b2bb7e1840bc2fa4c07d5467436bec790710be,[]
captival_portal,MIPS,1,0,[],[],0,"{'RELRO': 0, 'Canary': 0, 'NX': 0, 'PIE': 0, 'rpath': 0, 'runpath': 0}",a534389eced146b8987a78feb2003e1307e6651ff98b5bd2389bf4920f54dcf5,[]
